user-id,product-name,ratings,product-id
19,"Dress, brand:Adidas,color: Black,size: XL",1,1
97,"Shoes, brand:H&M,color: Black,size: L",4,2
25,"Dress, brand:Adidas,color: Yellow,size: XL",3,3
57,"Shoes, brand:Zara,color: White,size: S",1,4
79,"T-shirt, brand:Adidas,color: Black,size: M",4,5
98,"Dress, brand:Adidas,color: Yellow,size: L",1,6
16,"Jeans, brand:Gucci,color: White,size: XL",1,7
63,"Sweater, brand:Zara,color: Blue,size: XL",4,8
96,"Sweater, brand:H&M,color: Green,size: XL",4,9
36,"T-shirt, brand:Zara,color: White,size: XL",4,10
69,"T-shirt, brand:Adidas,color: Red,size: S",1,11
87,"Sweater, brand:Gucci,color: Yellow,size: M",2,12
9,"Jeans, brand:Nike,color: Red,size: M",1,13
50,"Dress, brand:Zara,color: White,size: L",2,14
31,"Shoes, brand:Zara,color: Yellow,size: M",3,15
37,"Dress, brand:Adidas,color: Blue,size: S",1,16
41,"Dress, brand:Gucci,color: Blue,size: XL",1,17
15,"Jeans, brand:Gucci,color: Red,size: XL",4,18
84,"Shoes, brand:Gucci,color: White,size: M",3,19
56,"Dress, brand:Gucci,color: Green,size: L",3,20
87,"Jeans, brand:H&M,color: Yellow,size: S",2,21
56,"Jeans, brand:Gucci,color: Green,size: L",4,22
60,"Jeans, brand:Zara,color: Yellow,size: M",4,23
64,"Jeans, brand:Zara,color: Yellow,size: XL",2,24
65,"Sweater, brand:H&M,color: Green,size: S",1,25
26,"Dress, brand:Gucci,color: Green,size: S",4,26
82,"T-shirt, brand:Adidas,color: Red,size: L",3,27
87,"Shoes, brand:Zara,color: Yellow,size: L",2,28
98,"Shoes, brand:Gucci,color: Yellow,size: M",4,29
20,"Sweater, brand:Nike,color: Green,size: XL",3,30
36,"Jeans, brand:H&M,color: Blue,size: S",2,31
98,"T-shirt, brand:Nike,color: White,size: XL",3,32
69,"Jeans, brand:H&M,color: Green,size: XL",4,33
31,"Jeans, brand:H&M,color: Black,size: S",3,34
48,"Jeans, brand:Zara,color: Blue,size: L",4,35
18,"Dress, brand:H&M,color: Green,size: S",1,36
27,"Sweater, brand:Zara,color: Blue,size: S",4,37
60,"T-shirt, brand:Nike,color: Yellow,size: S",2,38
46,"Jeans, brand:Adidas,color: Yellow,size: M",1,39
84,"Dress, brand:Zara,color: Black,size: XL",2,40
43,"Jeans, brand:Gucci,color: Blue,size: L",2,41
43,"Shoes, brand:Zara,color: Red,size: S",1,42
91,"T-shirt, brand:Adidas,color: White,size: M",3,43
78,"Jeans, brand:Nike,color: White,size: M",2,44
60,"Jeans, brand:Gucci,color: Red,size: L",4,45
44,"Dress, brand:Zara,color: Yellow,size: XL",2,46
93,"Jeans, brand:Zara,color: Green,size: S",1,47
74,"T-shirt, brand:Gucci,color: Green,size: M",1,48
19,"Sweater, brand:Gucci,color: Green,size: XL",3,49
98,"T-shirt, brand:H&M,color: Blue,size: L",3,50
51,"Jeans, brand:Adidas,color: Yellow,size: XL",3,51
80,"Dress, brand:Nike,color: Red,size: S",3,52
39,"T-shirt, brand:Nike,color: Red,size: M",1,53
33,"Shoes, brand:H&M,color: Blue,size: S",2,54
78,"Sweater, brand:Adidas,color: Red,size: S",2,55
24,"Dress, brand:Nike,color: White,size: XL",2,56
99,"Sweater, brand:Adidas,color: Red,size: M",3,57
83,"Shoes, brand:Adidas,color: White,size: L",1,58
38,"Dress, brand:Nike,color: Blue,size: M",3,59
51,"Shoes, brand:H&M,color: Yellow,size: XL",1,60
63,"Shoes, brand:Adidas,color: Yellow,size: M",1,61
54,"T-shirt, brand:Nike,color: Blue,size: L",2,62
53,"Jeans, brand:Zara,color: White,size: L",4,63
50,"Shoes, brand:Gucci,color: Red,size: M",1,64
6,"Shoes, brand:H&M,color: Yellow,size: XL",3,65
87,"Sweater, brand:H&M,color: Red,size: XL",4,66
84,"Jeans, brand:Gucci,color: Green,size: M",4,67
43,"T-shirt, brand:Gucci,color: Red,size: S",4,68
3,"Sweater, brand:Gucci,color: Yellow,size: M",3,69
6,"Dress, brand:Gucci,color: Yellow,size: M",2,70
15,"Sweater, brand:Adidas,color: White,size: M",4,71
94,"T-shirt, brand:H&M,color: Yellow,size: M",2,72
98,"T-shirt, brand:Gucci,color: Red,size: M",2,73
6,"Dress, brand:Zara,color: White,size: XL",2,74
42,"Dress, brand:H&M,color: Blue,size: S",2,75
54,"Jeans, brand:Adidas,color: Black,size: XL",2,76
37,"Sweater, brand:H&M,color: Blue,size: L",2,77
9,"T-shirt, brand:Nike,color: White,size: XL",1,78
26,"T-shirt, brand:Nike,color: Red,size: L",1,79
71,"Jeans, brand:Nike,color: Red,size: XL",2,80
72,"T-shirt, brand:Nike,color: Green,size: S",2,81
100,"Dress, brand:H&M,color: Blue,size: S",4,82
69,"Shoes, brand:Nike,color: Blue,size: L",1,83
19,"Sweater, brand:Adidas,color: Red,size: L",2,84
84,"Shoes, brand:Nike,color: Yellow,size: XL",1,85
4,"Sweater, brand:Zara,color: Yellow,size: M",3,86
21,"Shoes, brand:Nike,color: Red,size: S",4,87
85,"Dress, brand:Nike,color: White,size: L",2,88
10,"Dress, brand:Gucci,color: White,size: L",3,89
2,"Jeans, brand:H&M,color: Red,size: XL",3,90
90,"Jeans, brand:H&M,color: Green,size: XL",3,91
6,"Jeans, brand:Adidas,color: White,size: M",1,92
33,"Shoes, brand:Nike,color: White,size: S",4,93
12,"Shoes, brand:Zara,color: Yellow,size: XL",3,94
62,"Shoes, brand:Gucci,color: Blue,size: S",1,95
22,"Dress, brand:Gucci,color: Red,size: L",4,96
18,"Jeans, brand:Gucci,color: Green,size: L",3,97
44,"Sweater, brand:Gucci,color: Black,size: XL",4,98
25,"Shoes, brand:Nike,color: Yellow,size: L",4,99
79,"Shoes, brand:Adidas,color: Red,size: L",1,100
52,"Jeans, brand:Zara,color: Green,size: XL",1,101
71,"Sweater, brand:Gucci,color: Red,size: S",4,102
57,"Jeans, brand:Zara,color: White,size: XL",3,103
64,"Jeans, brand:H&M,color: White,size: M",4,104
35,"Jeans, brand:Zara,color: Yellow,size: L",1,105
63,"Jeans, brand:H&M,color: Red,size: L",2,106
19,"Sweater, brand:Zara,color: Red,size: L",3,107
80,"Sweater, brand:Gucci,color: Green,size: L",4,108
77,"Jeans, brand:Nike,color: Black,size: XL",2,109
22,"Sweater, brand:Gucci,color: Blue,size: XL",4,110
99,"Shoes, brand:Zara,color: Green,size: M",2,111
92,"Jeans, brand:Adidas,color: White,size: S",2,112
97,"T-shirt, brand:Zara,color: White,size: L",1,113
48,"Shoes, brand:H&M,color: Red,size: M",1,114
37,"Dress, brand:Adidas,color: Blue,size: L",2,115
77,"Shoes, brand:Adidas,color: Green,size: M",3,116
52,"Dress, brand:Zara,color: White,size: M",3,117
63,"Dress, brand:Adidas,color: Yellow,size: S",3,118
10,"Jeans, brand:Nike,color: Yellow,size: S",2,119
77,"T-shirt, brand:H&M,color: Green,size: M",2,120
95,"T-shirt, brand:Gucci,color: Red,size: M",1,121
90,"Sweater, brand:H&M,color: Blue,size: XL",4,122
80,"Sweater, brand:Nike,color: Yellow,size: L",2,123
65,"Sweater, brand:H&M,color: Black,size: L",1,124
56,"Sweater, brand:H&M,color: Green,size: L",4,125
65,"T-shirt, brand:Nike,color: Green,size: M",4,126
7,"Shoes, brand:Zara,color: Yellow,size: M",4,127
100,"T-shirt, brand:H&M,color: Green,size: M",2,128
70,"T-shirt, brand:Zara,color: Yellow,size: M",2,129
40,"Shoes, brand:Nike,color: Green,size: M",1,130
70,"T-shirt, brand:H&M,color: Blue,size: M",3,131
100,"Sweater, brand:Adidas,color: White,size: M",2,132
29,"Shoes, brand:H&M,color: Blue,size: XL",1,133
23,"Sweater, brand:Zara,color: Yellow,size: S",3,134
94,"Dress, brand:Adidas,color: Blue,size: L",3,135
34,"Shoes, brand:Zara,color: Blue,size: XL",1,136
44,"Dress, brand:Gucci,color: Green,size: S",3,137
16,"Dress, brand:H&M,color: Yellow,size: S",1,138
73,"Sweater, brand:Gucci,color: Blue,size: XL",3,139
54,"Shoes, brand:Zara,color: Green,size: M",2,140
58,"Jeans, brand:Nike,color: Yellow,size: L",4,141
46,"Shoes, brand:Nike,color: White,size: XL",4,142
88,"Shoes, brand:Gucci,color: White,size: L",4,143
75,"Shoes, brand:Adidas,color: Blue,size: M",1,144
34,"T-shirt, brand:Zara,color: Green,size: S",4,145
75,"Shoes, brand:Adidas,color: Yellow,size: M",3,146
54,"Shoes, brand:Gucci,color: Green,size: L",2,147
39,"Shoes, brand:Adidas,color: Black,size: L",2,148
95,"Jeans, brand:Adidas,color: Green,size: M",4,149
67,"T-shirt, brand:Nike,color: Green,size: M",1,150
5,"Shoes, brand:Adidas,color: Blue,size: M",2,151
31,"Jeans, brand:Nike,color: Green,size: S",4,152
2,"Shoes, brand:Nike,color: Black,size: S",1,153
51,"Dress, brand:Zara,color: Blue,size: L",2,154
91,"T-shirt, brand:Gucci,color: White,size: L",2,155
92,"T-shirt, brand:Adidas,color: Red,size: L",1,156
39,"Dress, brand:Adidas,color: Yellow,size: S",3,157
99,"Shoes, brand:Adidas,color: Blue,size: M",2,158
10,"Jeans, brand:Nike,color: Green,size: S",2,159
46,"Shoes, brand:Gucci,color: Black,size: L",2,160
80,"Sweater, brand:Adidas,color: Blue,size: M",4,161
40,"T-shirt, brand:Nike,color: Red,size: L",2,162
18,"Dress, brand:Nike,color: Green,size: S",4,163
16,"T-shirt, brand:Nike,color: Red,size: L",2,164
34,"Jeans, brand:Gucci,color: White,size: XL",2,165
100,"Sweater, brand:Adidas,color: White,size: L",4,166
92,"Shoes, brand:Zara,color: Blue,size: S",4,167
54,"Sweater, brand:Gucci,color: Green,size: XL",4,168
62,"Shoes, brand:Zara,color: Black,size: XL",1,169
50,"Sweater, brand:Gucci,color: Yellow,size: M",3,170
24,"Jeans, brand:Nike,color: Blue,size: S",1,171
13,"Jeans, brand:Zara,color: Yellow,size: M",4,172
98,"Dress, brand:Nike,color: Yellow,size: S",3,173
82,"Jeans, brand:Adidas,color: Black,size: M",3,174
48,"Dress, brand:Adidas,color: Blue,size: S",1,175
59,"Dress, brand:H&M,color: Red,size: XL",1,176
56,"Sweater, brand:Nike,color: Yellow,size: M",4,177
93,"Jeans, brand:Nike,color: Red,size: XL",1,178
54,"Shoes, brand:Adidas,color: Blue,size: M",1,179
61,"T-shirt, brand:Zara,color: Green,size: M",2,180
74,"Shoes, brand:H&M,color: Black,size: L",4,181
39,"Jeans, brand:Zara,color: Yellow,size: L",4,182
20,"Jeans, brand:Zara,color: Black,size: M",2,183
67,"Sweater, brand:Zara,color: Green,size: L",3,184
38,"Sweater, brand:Gucci,color: Yellow,size: L",1,185
16,"Jeans, brand:Adidas,color: Blue,size: L",2,186
81,"Jeans, brand:Zara,color: Green,size: S",3,187
33,"Shoes, brand:Nike,color: Green,size: XL",4,188
55,"Jeans, brand:Adidas,color: Blue,size: L",3,189
38,"Sweater, brand:Zara,color: Yellow,size: XL",4,190
48,"T-shirt, brand:Gucci,color: Black,size: M",3,191
35,"Sweater, brand:Zara,color: White,size: L",3,192
8,"T-shirt, brand:H&M,color: White,size: L",2,193
56,"Sweater, brand:Adidas,color: White,size: S",3,194
32,"Shoes, brand:Zara,color: White,size: L",3,195
72,"Jeans, brand:Gucci,color: Red,size: M",1,196
48,"Jeans, brand:Nike,color: Yellow,size: XL",2,197
3,"T-shirt, brand:Zara,color: Blue,size: XL",3,198
39,"T-shirt, brand:Zara,color: Black,size: M",4,199
75,"Sweater, brand:H&M,color: Black,size: S",4,200
21,"Jeans, brand:Zara,color: Yellow,size: M",4,201
84,"Sweater, brand:Nike,color: Green,size: S",3,202
53,"Jeans, brand:Zara,color: Yellow,size: S",1,203
3,"T-shirt, brand:Zara,color: Black,size: M",1,204
41,"T-shirt, brand:H&M,color: Yellow,size: XL",2,205
64,"Jeans, brand:Nike,color: Yellow,size: XL",4,206
30,"Sweater, brand:Gucci,color: Black,size: M",2,207
9,"Jeans, brand:Zara,color: White,size: M",2,208
88,"Dress, brand:H&M,color: Black,size: XL",1,209
36,"Jeans, brand:Adidas,color: Yellow,size: M",2,210
6,"Jeans, brand:Zara,color: Green,size: L",3,211
24,"T-shirt, brand:Adidas,color: White,size: S",3,212
76,"Jeans, brand:Zara,color: Yellow,size: XL",4,213
59,"Dress, brand:Adidas,color: Yellow,size: XL",1,214
49,"T-shirt, brand:Adidas,color: Yellow,size: S",3,215
87,"Shoes, brand:Gucci,color: White,size: M",3,216
7,"Sweater, brand:Gucci,color: Yellow,size: S",1,217
94,"Sweater, brand:Gucci,color: Red,size: M",3,218
78,"Dress, brand:H&M,color: Green,size: S",1,219
35,"T-shirt, brand:H&M,color: Blue,size: L",4,220
68,"T-shirt, brand:Adidas,color: Black,size: L",2,221
77,"Dress, brand:Adidas,color: Yellow,size: S",1,222
33,"Jeans, brand:Gucci,color: White,size: XL",2,223
48,"T-shirt, brand:Adidas,color: White,size: L",1,224
46,"Dress, brand:Nike,color: Yellow,size: S",1,225
6,"Sweater, brand:H&M,color: Green,size: XL",2,226
44,"Dress, brand:Adidas,color: Red,size: S",4,227
66,"Shoes, brand:H&M,color: Green,size: S",1,228
81,"Shoes, brand:Adidas,color: Red,size: XL",1,229
96,"Shoes, brand:Zara,color: Black,size: S",4,230
92,"Dress, brand:Zara,color: Red,size: L",4,231
93,"Jeans, brand:Zara,color: Red,size: S",1,232
79,"Shoes, brand:Nike,color: Red,size: M",4,233
64,"Sweater, brand:H&M,color: White,size: S",1,234
61,"Shoes, brand:Zara,color: Green,size: L",1,235
40,"Shoes, brand:Zara,color: White,size: S",1,236
68,"Shoes, brand:Adidas,color: White,size: S",3,237
10,"Shoes, brand:Adidas,color: White,size: XL",2,238
33,"Shoes, brand:Gucci,color: White,size: L",3,239
27,"Dress, brand:H&M,color: Black,size: L",2,240
55,"Jeans, brand:Gucci,color: Green,size: S",2,241
72,"Dress, brand:H&M,color: Green,size: M",4,242
88,"Shoes, brand:H&M,color: White,size: XL",1,243
77,"Sweater, brand:Zara,color: Blue,size: XL",3,244
27,"Dress, brand:H&M,color: Black,size: S",2,245
89,"Jeans, brand:Gucci,color: Green,size: S",3,246
32,"Shoes, brand:Zara,color: White,size: S",2,247
83,"Sweater, brand:Zara,color: Red,size: M",3,248
34,"Jeans, brand:H&M,color: Black,size: XL",1,249
68,"Dress, brand:H&M,color: Yellow,size: XL",2,250
46,"Jeans, brand:Gucci,color: White,size: L",2,251
43,"Dress, brand:H&M,color: Blue,size: L",1,252
65,"T-shirt, brand:Zara,color: White,size: M",4,253
20,"Jeans, brand:Gucci,color: Yellow,size: L",1,254
74,"T-shirt, brand:H&M,color: Green,size: M",2,255
33,"Jeans, brand:Gucci,color: Blue,size: L",2,256
38,"Shoes, brand:Nike,color: Red,size: S",3,257
86,"Dress, brand:Gucci,color: Yellow,size: S",3,258
44,"Shoes, brand:Nike,color: White,size: L",2,259
34,"Dress, brand:Adidas,color: Green,size: S",4,260
50,"Dress, brand:Zara,color: Yellow,size: S",2,261
68,"Jeans, brand:Gucci,color: Blue,size: S",4,262
5,"Jeans, brand:Zara,color: Yellow,size: XL",4,263
46,"Dress, brand:Gucci,color: White,size: XL",3,264
8,"T-shirt, brand:H&M,color: Blue,size: XL",2,265
51,"Jeans, brand:Gucci,color: White,size: XL",2,266
25,"Jeans, brand:Adidas,color: Black,size: S",4,267
32,"Jeans, brand:Adidas,color: Yellow,size: L",3,268
34,"Shoes, brand:H&M,color: Black,size: S",4,269
3,"Sweater, brand:Adidas,color: Blue,size: XL",4,270
76,"Jeans, brand:Nike,color: Blue,size: L",4,271
43,"Dress, brand:Nike,color: White,size: M",2,272
4,"Dress, brand:Nike,color: White,size: XL",1,273
77,"Dress, brand:Adidas,color: Red,size: S",1,274
58,"Jeans, brand:Nike,color: Green,size: XL",3,275
73,"Jeans, brand:Nike,color: Yellow,size: M",1,276
50,"Dress, brand:H&M,color: White,size: M",1,277
4,"Jeans, brand:Gucci,color: Black,size: L",2,278
3,"Shoes, brand:Adidas,color: Yellow,size: M",2,279
31,"Dress, brand:Gucci,color: White,size: XL",2,280
30,"Jeans, brand:H&M,color: Green,size: S",2,281
18,"Jeans, brand:Nike,color: Black,size: M",1,282
95,"Sweater, brand:H&M,color: White,size: S",4,283
78,"T-shirt, brand:Zara,color: Black,size: S",3,284
49,"Sweater, brand:Nike,color: Yellow,size: L",3,285
69,"T-shirt, brand:H&M,color: White,size: XL",3,286
71,"T-shirt, brand:Zara,color: Blue,size: XL",4,287
13,"Sweater, brand:Nike,color: Black,size: M",2,288
88,"Sweater, brand:Adidas,color: Blue,size: M",2,289
38,"Sweater, brand:Zara,color: White,size: S",4,290
3,"Dress, brand:H&M,color: White,size: XL",4,291
91,"T-shirt, brand:Nike,color: Green,size: S",3,292
9,"Sweater, brand:Nike,color: Black,size: XL",2,293
4,"Dress, brand:H&M,color: White,size: XL",4,294
39,"Dress, brand:H&M,color: Black,size: XL",2,295
99,"T-shirt, brand:H&M,color: White,size: S",4,296
30,"Sweater, brand:Gucci,color: Blue,size: XL",1,297
4,"Shoes, brand:Zara,color: Red,size: M",1,298
69,"Shoes, brand:Gucci,color: Green,size: S",2,299
3,"Shoes, brand:Adidas,color: White,size: S",4,300
66,"Shoes, brand:Adidas,color: Yellow,size: M",2,301
49,"T-shirt, brand:Gucci,color: White,size: M",4,302
11,"Jeans, brand:Gucci,color: White,size: XL",3,303
7,"Dress, brand:Adidas,color: Green,size: M",1,304
26,"Shoes, brand:H&M,color: White,size: L",2,305
73,"T-shirt, brand:Gucci,color: Black,size: XL",2,306
62,"Dress, brand:Zara,color: Yellow,size: S",3,307
42,"Jeans, brand:Adidas,color: Yellow,size: S",4,308
37,"Jeans, brand:Gucci,color: Black,size: S",3,309
61,"Jeans, brand:H&M,color: White,size: XL",3,310
55,"Jeans, brand:Nike,color: Black,size: L",4,311
41,"Jeans, brand:Zara,color: White,size: S",2,312
97,"Shoes, brand:H&M,color: Green,size: XL",4,313
13,"Jeans, brand:Nike,color: Red,size: L",2,314
90,"Jeans, brand:Nike,color: White,size: XL",1,315
34,"Jeans, brand:H&M,color: Red,size: S",2,316
55,"Dress, brand:Adidas,color: Red,size: XL",4,317
88,"Sweater, brand:Zara,color: Yellow,size: S",1,318
39,"Jeans, brand:H&M,color: White,size: L",1,319
25,"Sweater, brand:H&M,color: Yellow,size: L",3,320
34,"Shoes, brand:Gucci,color: Red,size: S",4,321
58,"Shoes, brand:H&M,color: Red,size: M",1,322
30,"Shoes, brand:Zara,color: Green,size: M",2,323
3,"Sweater, brand:Gucci,color: Black,size: XL",4,324
67,"T-shirt, brand:Nike,color: Black,size: XL",2,325
7,"Jeans, brand:Zara,color: Green,size: L",3,326
95,"Dress, brand:Adidas,color: White,size: L",4,327
34,"Jeans, brand:Adidas,color: Blue,size: L",1,328
49,"Jeans, brand:Nike,color: Blue,size: XL",3,329
15,"T-shirt, brand:Zara,color: Blue,size: M",2,330
61,"T-shirt, brand:Adidas,color: Black,size: S",3,331
25,"Shoes, brand:Zara,color: Blue,size: M",3,332
60,"Dress, brand:H&M,color: Yellow,size: M",2,333
80,"Sweater, brand:Zara,color: Yellow,size: L",1,334
25,"Sweater, brand:Gucci,color: Red,size: XL",3,335
71,"T-shirt, brand:Nike,color: White,size: XL",4,336
1,"Shoes, brand:Nike,color: White,size: L",1,337
22,"Sweater, brand:Nike,color: Blue,size: S",1,338
46,"Dress, brand:Gucci,color: White,size: M",1,339
52,"Sweater, brand:Adidas,color: Blue,size: L",1,340
27,"Jeans, brand:Gucci,color: Red,size: XL",4,341
69,"Sweater, brand:Zara,color: Yellow,size: S",3,342
29,"T-shirt, brand:Gucci,color: Yellow,size: XL",4,343
42,"Dress, brand:Nike,color: Blue,size: L",3,344
97,"Shoes, brand:H&M,color: Yellow,size: S",1,345
62,"Jeans, brand:Adidas,color: Yellow,size: XL",4,346
76,"Dress, brand:H&M,color: Blue,size: XL",1,347
52,"Shoes, brand:Zara,color: Blue,size: XL",2,348
36,"Dress, brand:Adidas,color: White,size: XL",3,349
50,"Jeans, brand:H&M,color: Black,size: XL",2,350
52,"Jeans, brand:Nike,color: Red,size: XL",4,351
41,"Dress, brand:H&M,color: Green,size: XL",1,352
87,"Sweater, brand:Nike,color: Blue,size: M",2,353
7,"Dress, brand:Gucci,color: Red,size: M",3,354
59,"Sweater, brand:Nike,color: Red,size: XL",2,355
93,"Dress, brand:Zara,color: Black,size: S",4,356
89,"T-shirt, brand:Adidas,color: Yellow,size: L",3,357
66,"Shoes, brand:Adidas,color: Blue,size: XL",1,358
55,"Dress, brand:Nike,color: Red,size: L",4,359
42,"Sweater, brand:H&M,color: Black,size: XL",2,360
78,"Sweater, brand:H&M,color: Blue,size: XL",1,361
22,"Jeans, brand:Adidas,color: Red,size: S",1,362
72,"Jeans, brand:Nike,color: Yellow,size: L",3,363
60,"Jeans, brand:Nike,color: Black,size: M",2,364
92,"T-shirt, brand:Nike,color: White,size: L",3,365
7,"Dress, brand:Nike,color: Yellow,size: L",4,366
17,"Shoes, brand:Nike,color: Yellow,size: S",2,367
60,"Shoes, brand:Nike,color: Blue,size: XL",1,368
62,"Shoes, brand:Nike,color: Green,size: M",3,369
75,"T-shirt, brand:Nike,color: White,size: S",2,370
65,"Dress, brand:Nike,color: White,size: XL",1,371
63,"Dress, brand:Nike,color: White,size: S",1,372
87,"T-shirt, brand:Adidas,color: Green,size: M",3,373
23,"Jeans, brand:Nike,color: Black,size: S",1,374
68,"Jeans, brand:Zara,color: Blue,size: XL",4,375
16,"Shoes, brand:H&M,color: Green,size: S",3,376
33,"Shoes, brand:Zara,color: Black,size: L",3,377
55,"T-shirt, brand:Nike,color: Red,size: S",3,378
89,"Jeans, brand:Nike,color: White,size: M",3,379
73,"Dress, brand:Gucci,color: Red,size: XL",1,380
32,"Shoes, brand:H&M,color: Green,size: S",3,381
97,"T-shirt, brand:Gucci,color: Yellow,size: M",3,382
32,"Jeans, brand:H&M,color: Black,size: L",2,383
90,"Sweater, brand:H&M,color: Black,size: L",1,384
74,"Shoes, brand:Gucci,color: Yellow,size: L",3,385
27,"Dress, brand:Adidas,color: Yellow,size: XL",3,386
52,"Dress, brand:Adidas,color: Green,size: XL",1,387
7,"T-shirt, brand:H&M,color: Green,size: M",4,388
51,"T-shirt, brand:Zara,color: White,size: XL",1,389
89,"Sweater, brand:Adidas,color: Green,size: M",4,390
66,"Dress, brand:Gucci,color: Blue,size: M",3,391
73,"T-shirt, brand:Zara,color: White,size: S",2,392
19,"Shoes, brand:H&M,color: Black,size: M",1,393
77,"T-shirt, brand:Gucci,color: Yellow,size: M",3,394
90,"Shoes, brand:Nike,color: Yellow,size: M",2,395
33,"Shoes, brand:Zara,color: Blue,size: M",2,396
100,"Shoes, brand:Zara,color: White,size: XL",1,397
39,"T-shirt, brand:H&M,color: White,size: M",2,398
36,"Dress, brand:Adidas,color: Yellow,size: L",2,399
95,"Jeans, brand:H&M,color: Green,size: S",2,400
41,"Jeans, brand:Gucci,color: Green,size: S",4,401
10,"Shoes, brand:H&M,color: Yellow,size: M",1,402
83,"Shoes, brand:Adidas,color: Red,size: S",3,403
37,"Shoes, brand:Adidas,color: Green,size: M",2,404
61,"Jeans, brand:Adidas,color: Blue,size: S",2,405
89,"Shoes, brand:Nike,color: Black,size: L",1,406
50,"Shoes, brand:Nike,color: White,size: XL",3,407
54,"Sweater, brand:H&M,color: White,size: L",2,408
28,"Shoes, brand:Nike,color: Red,size: S",2,409
48,"Jeans, brand:H&M,color: Green,size: XL",4,410
35,"Sweater, brand:Nike,color: Red,size: M",3,411
66,"Shoes, brand:Nike,color: Black,size: XL",3,412
18,"Jeans, brand:Zara,color: Green,size: XL",4,413
13,"Dress, brand:Zara,color: Black,size: XL",2,414
22,"Jeans, brand:H&M,color: Yellow,size: L",2,415
30,"Sweater, brand:H&M,color: Blue,size: S",3,416
58,"Shoes, brand:H&M,color: Red,size: S",2,417
82,"Jeans, brand:Zara,color: Blue,size: S",4,418
44,"T-shirt, brand:H&M,color: Yellow,size: L",3,419
79,"Jeans, brand:Adidas,color: White,size: M",4,420
18,"T-shirt, brand:Nike,color: White,size: M",1,421
79,"Dress, brand:Nike,color: Blue,size: S",2,422
56,"Jeans, brand:Adidas,color: Black,size: M",4,423
52,"Shoes, brand:Adidas,color: Yellow,size: M",3,424
100,"Jeans, brand:Nike,color: Blue,size: XL",3,425
11,"Jeans, brand:Zara,color: Black,size: L",4,426
8,"T-shirt, brand:Zara,color: Yellow,size: XL",4,427
80,"T-shirt, brand:Gucci,color: Green,size: M",1,428
57,"Shoes, brand:Gucci,color: Black,size: XL",3,429
72,"T-shirt, brand:Nike,color: Black,size: S",2,430
46,"Jeans, brand:H&M,color: Green,size: S",2,431
7,"Jeans, brand:H&M,color: Blue,size: L",2,432
10,"Jeans, brand:H&M,color: Yellow,size: M",3,433
44,"T-shirt, brand:Zara,color: Yellow,size: M",1,434
46,"T-shirt, brand:Adidas,color: Blue,size: XL",2,435
27,"T-shirt, brand:Zara,color: Black,size: XL",2,436
9,"Shoes, brand:Gucci,color: Green,size: XL",3,437
89,"T-shirt, brand:Adidas,color: Yellow,size: XL",4,438
71,"Jeans, brand:Zara,color: White,size: XL",2,439
49,"Dress, brand:Zara,color: White,size: L",4,440
47,"Sweater, brand:Adidas,color: Black,size: XL",1,441
88,"T-shirt, brand:H&M,color: Red,size: S",3,442
37,"Sweater, brand:Gucci,color: White,size: L",3,443
84,"Dress, brand:Nike,color: White,size: XL",1,444
38,"Sweater, brand:H&M,color: Yellow,size: L",4,445
18,"Shoes, brand:Adidas,color: Black,size: L",1,446
84,"Shoes, brand:H&M,color: Yellow,size: XL",4,447
75,"Shoes, brand:Gucci,color: Green,size: M",2,448
5,"Shoes, brand:H&M,color: Black,size: XL",4,449
92,"Shoes, brand:Nike,color: Black,size: XL",4,450
42,"T-shirt, brand:Adidas,color: Green,size: XL",2,451
43,"Jeans, brand:H&M,color: Green,size: XL",3,452
30,"Shoes, brand:Nike,color: Red,size: S",2,453
50,"Shoes, brand:Zara,color: White,size: L",3,454
58,"T-shirt, brand:Gucci,color: Blue,size: M",1,455
93,"Shoes, brand:Gucci,color: Blue,size: M",4,456
70,"Jeans, brand:Gucci,color: Green,size: M",1,457
20,"T-shirt, brand:Gucci,color: Black,size: L",1,458
52,"Dress, brand:Adidas,color: Black,size: S",2,459
39,"Jeans, brand:H&M,color: Black,size: L",2,460
43,"Shoes, brand:Zara,color: Red,size: M",1,461
65,"Dress, brand:Zara,color: Yellow,size: M",2,462
24,"Dress, brand:Adidas,color: Blue,size: M",3,463
53,"Shoes, brand:Zara,color: Green,size: L",1,464
1,"T-shirt, brand:Gucci,color: White,size: M",1,465
30,"Sweater, brand:H&M,color: Black,size: L",1,466
13,"Jeans, brand:Adidas,color: Red,size: L",1,467
40,"Dress, brand:Zara,color: White,size: S",1,468
83,"Dress, brand:Nike,color: Yellow,size: XL",4,469
76,"T-shirt, brand:Adidas,color: Blue,size: S",4,470
38,"T-shirt, brand:Nike,color: Black,size: M",2,471
11,"Jeans, brand:Adidas,color: Green,size: L",3,472
98,"Dress, brand:Nike,color: Red,size: S",1,473
79,"Dress, brand:H&M,color: Yellow,size: L",1,474
73,"Sweater, brand:H&M,color: Yellow,size: S",4,475
14,"Shoes, brand:H&M,color: White,size: XL",4,476
100,"Sweater, brand:Nike,color: Black,size: S",1,477
77,"T-shirt, brand:H&M,color: Green,size: L",1,478
1,"Sweater, brand:Nike,color: Green,size: XL",1,479
9,"Dress, brand:Nike,color: Blue,size: XL",1,480
52,"Jeans, brand:Zara,color: Blue,size: XL",1,481
85,"Dress, brand:Gucci,color: Yellow,size: M",3,482
86,"T-shirt, brand:Zara,color: Black,size: XL",2,483
92,"Sweater, brand:Gucci,color: Red,size: XL",2,484
54,"Dress, brand:H&M,color: Black,size: S",2,485
69,"Jeans, brand:Adidas,color: Yellow,size: L",1,486
21,"T-shirt, brand:Adidas,color: Blue,size: XL",3,487
30,"Sweater, brand:H&M,color: Yellow,size: XL",1,488
45,"Dress, brand:Adidas,color: Black,size: M",3,489
12,"T-shirt, brand:Nike,color: Green,size: L",1,490
55,"Dress, brand:Zara,color: Black,size: M",3,491
30,"Sweater, brand:Zara,color: Blue,size: M",1,492
57,"Shoes, brand:H&M,color: White,size: XL",3,493
54,"Sweater, brand:Zara,color: Green,size: M",4,494
14,"Jeans, brand:Nike,color: Blue,size: S",1,495
92,"T-shirt, brand:Adidas,color: Green,size: L",1,496
88,"Jeans, brand:Gucci,color: Yellow,size: M",3,497
50,"Dress, brand:Zara,color: Yellow,size: XL",2,498
60,"Dress, brand:Adidas,color: White,size: L",2,499
36,"Shoes, brand:Zara,color: Red,size: M",1,500
20,"Sweater, brand:Adidas,color: Green,size: S",4,501
61,"Dress, brand:Zara,color: Blue,size: M",4,502
84,"Sweater, brand:Adidas,color: White,size: XL",4,503
70,"Sweater, brand:Zara,color: Black,size: XL",2,504
24,"Dress, brand:Zara,color: Black,size: S",1,505
47,"Shoes, brand:Nike,color: Blue,size: M",3,506
37,"T-shirt, brand:Zara,color: White,size: XL",4,507
72,"Dress, brand:Gucci,color: Blue,size: M",4,508
95,"Dress, brand:Gucci,color: Blue,size: L",1,509
9,"Shoes, brand:Nike,color: Green,size: L",3,510
52,"Jeans, brand:H&M,color: Black,size: S",2,511
71,"Shoes, brand:Nike,color: Blue,size: S",2,512
7,"Jeans, brand:Zara,color: Green,size: M",4,513
27,"Dress, brand:Adidas,color: White,size: M",3,514
1,"Dress, brand:Nike,color: White,size: S",3,515
51,"Shoes, brand:Gucci,color: Red,size: S",1,516
29,"T-shirt, brand:Gucci,color: Blue,size: M",2,517
87,"Sweater, brand:Gucci,color: Yellow,size: S",2,518
28,"Sweater, brand:Adidas,color: Blue,size: XL",3,519
8,"Dress, brand:Zara,color: Red,size: L",3,520
90,"T-shirt, brand:Adidas,color: White,size: M",3,521
24,"Sweater, brand:Adidas,color: Yellow,size: S",2,522
82,"Sweater, brand:Gucci,color: Black,size: S",1,523
51,"T-shirt, brand:Nike,color: Black,size: S",1,524
72,"T-shirt, brand:Adidas,color: Blue,size: M",2,525
36,"Jeans, brand:Zara,color: Red,size: L",2,526
12,"T-shirt, brand:Nike,color: Yellow,size: M",4,527
98,"Shoes, brand:Zara,color: Black,size: M",2,528
77,"Shoes, brand:Gucci,color: White,size: L",1,529
7,"Shoes, brand:Adidas,color: Black,size: M",3,530
50,"Dress, brand:H&M,color: Green,size: L",2,531
32,"Shoes, brand:Zara,color: Blue,size: L",2,532
12,"Shoes, brand:Nike,color: Green,size: S",4,533
40,"Dress, brand:Adidas,color: Yellow,size: M",4,534
24,"Jeans, brand:Nike,color: Red,size: L",1,535
82,"Dress, brand:H&M,color: Yellow,size: S",3,536
41,"Jeans, brand:Nike,color: Red,size: M",2,537
11,"Dress, brand:Nike,color: Blue,size: M",2,538
26,"T-shirt, brand:Nike,color: Blue,size: L",3,539
26,"Jeans, brand:H&M,color: Yellow,size: M",1,540
48,"Jeans, brand:Nike,color: Green,size: S",2,541
35,"Dress, brand:Adidas,color: Red,size: S",4,542
15,"Jeans, brand:Gucci,color: Yellow,size: M",4,543
54,"T-shirt, brand:Nike,color: Red,size: L",3,544
68,"Shoes, brand:Zara,color: Red,size: XL",2,545
6,"Shoes, brand:Zara,color: Red,size: L",1,546
6,"Sweater, brand:H&M,color: Yellow,size: XL",2,547
79,"Sweater, brand:Zara,color: Red,size: M",1,548
11,"Dress, brand:Zara,color: Blue,size: XL",4,549
57,"T-shirt, brand:Nike,color: Yellow,size: L",2,550
49,"Jeans, brand:H&M,color: Blue,size: M",4,551
2,"Sweater, brand:Adidas,color: Blue,size: M",4,552
10,"Shoes, brand:Adidas,color: Green,size: XL",1,553
11,"Sweater, brand:Adidas,color: Blue,size: L",4,554
21,"T-shirt, brand:Adidas,color: Blue,size: L",3,555
26,"T-shirt, brand:H&M,color: Red,size: L",2,556
45,"Shoes, brand:Adidas,color: Black,size: M",1,557
2,"Jeans, brand:Adidas,color: Red,size: XL",2,558
6,"Shoes, brand:Gucci,color: Red,size: XL",4,559
31,"Dress, brand:Adidas,color: Red,size: XL",1,560
65,"Shoes, brand:Zara,color: Yellow,size: M",3,561
37,"T-shirt, brand:Zara,color: Green,size: L",4,562
44,"Shoes, brand:Adidas,color: Blue,size: XL",4,563
70,"Shoes, brand:Adidas,color: Blue,size: M",4,564
13,"Sweater, brand:Nike,color: White,size: L",2,565
100,"Dress, brand:Gucci,color: White,size: M",4,566
27,"Dress, brand:Zara,color: Black,size: M",1,567
61,"Sweater, brand:Gucci,color: Red,size: L",3,568
92,"Dress, brand:Nike,color: Blue,size: XL",4,569
4,"T-shirt, brand:Adidas,color: Black,size: S",1,570
23,"Jeans, brand:Nike,color: Red,size: M",2,571
17,"Sweater, brand:H&M,color: Blue,size: S",4,572
80,"Shoes, brand:Zara,color: White,size: L",3,573
9,"Jeans, brand:Gucci,color: Black,size: L",4,574
99,"T-shirt, brand:H&M,color: White,size: L",4,575
76,"T-shirt, brand:H&M,color: White,size: S",3,576
41,"T-shirt, brand:H&M,color: White,size: M",2,577
65,"Dress, brand:Gucci,color: Green,size: L",3,578
26,"Shoes, brand:Gucci,color: White,size: XL",4,579
38,"Shoes, brand:Adidas,color: Green,size: S",2,580
65,"Sweater, brand:Zara,color: Red,size: L",4,581
24,"Dress, brand:Zara,color: White,size: M",2,582
96,"Dress, brand:H&M,color: Green,size: L",4,583
71,"T-shirt, brand:Gucci,color: Black,size: S",2,584
6,"Jeans, brand:Adidas,color: Yellow,size: M",3,585
38,"Sweater, brand:Nike,color: Yellow,size: M",2,586
41,"T-shirt, brand:Adidas,color: Blue,size: XL",1,587
46,"T-shirt, brand:Gucci,color: White,size: S",3,588
71,"T-shirt, brand:Adidas,color: Red,size: L",1,589
56,"T-shirt, brand:Nike,color: Green,size: L",2,590
61,"Jeans, brand:Gucci,color: White,size: M",2,591
29,"Jeans, brand:Nike,color: Yellow,size: M",1,592
97,"Sweater, brand:H&M,color: White,size: S",3,593
97,"Sweater, brand:Nike,color: Yellow,size: S",3,594
53,"T-shirt, brand:Gucci,color: Blue,size: S",3,595
9,"Dress, brand:H&M,color: Black,size: L",3,596
95,"Jeans, brand:H&M,color: Blue,size: M",3,597
79,"Shoes, brand:Gucci,color: Yellow,size: XL",1,598
52,"T-shirt, brand:H&M,color: Green,size: S",4,599
40,"T-shirt, brand:Adidas,color: Yellow,size: M",1,600
80,"Dress, brand:Adidas,color: White,size: L",1,601
7,"Sweater, brand:Zara,color: White,size: L",4,602
26,"Dress, brand:Zara,color: Black,size: S",2,603
74,"T-shirt, brand:Gucci,color: Yellow,size: S",3,604
92,"Jeans, brand:Adidas,color: Red,size: S",2,605
35,"Dress, brand:Nike,color: White,size: S",4,606
40,"T-shirt, brand:Nike,color: Yellow,size: S",1,607
90,"T-shirt, brand:H&M,color: Blue,size: M",2,608
89,"Sweater, brand:Adidas,color: Red,size: S",4,609
85,"Shoes, brand:H&M,color: Green,size: M",2,610
2,"Shoes, brand:Gucci,color: White,size: L",2,611
28,"Shoes, brand:Zara,color: Blue,size: XL",2,612
80,"Jeans, brand:Gucci,color: Black,size: XL",4,613
89,"Sweater, brand:Gucci,color: Green,size: L",1,614
44,"T-shirt, brand:Nike,color: Red,size: L",2,615
80,"Dress, brand:Zara,color: Red,size: M",4,616
19,"Jeans, brand:Adidas,color: Black,size: XL",1,617
51,"Shoes, brand:Gucci,color: Green,size: L",4,618
10,"T-shirt, brand:Nike,color: Blue,size: M",1,619
68,"Sweater, brand:Nike,color: White,size: XL",3,620
17,"Shoes, brand:H&M,color: Yellow,size: S",2,621
30,"T-shirt, brand:Nike,color: Red,size: XL",3,622
67,"Shoes, brand:Adidas,color: Green,size: L",1,623
83,"T-shirt, brand:Nike,color: White,size: L",4,624
75,"Shoes, brand:Adidas,color: Black,size: L",3,625
44,"Jeans, brand:Adidas,color: Yellow,size: S",4,626
61,"T-shirt, brand:Adidas,color: Green,size: M",1,627
93,"Sweater, brand:Nike,color: Red,size: S",3,628
80,"Shoes, brand:Gucci,color: White,size: M",3,629
74,"T-shirt, brand:Nike,color: White,size: XL",1,630
65,"T-shirt, brand:Zara,color: White,size: S",4,631
64,"Dress, brand:Zara,color: Yellow,size: M",3,632
73,"Dress, brand:Nike,color: Red,size: L",3,633
9,"Shoes, brand:Nike,color: Yellow,size: S",1,634
34,"Jeans, brand:Adidas,color: Yellow,size: XL",2,635
10,"Shoes, brand:Gucci,color: Yellow,size: L",4,636
33,"Shoes, brand:Zara,color: Green,size: S",3,637
7,"Sweater, brand:Adidas,color: White,size: M",4,638
22,"Shoes, brand:Zara,color: Blue,size: L",3,639
11,"T-shirt, brand:Zara,color: Red,size: S",2,640
10,"Shoes, brand:Zara,color: White,size: M",1,641
75,"T-shirt, brand:Gucci,color: Black,size: S",4,642
63,"T-shirt, brand:Zara,color: Black,size: L",4,643
64,"Shoes, brand:H&M,color: White,size: M",1,644
46,"T-shirt, brand:Zara,color: Black,size: S",4,645
36,"Sweater, brand:Zara,color: Green,size: M",2,646
25,"Shoes, brand:Adidas,color: Black,size: M",1,647
74,"T-shirt, brand:Gucci,color: White,size: L",3,648
82,"T-shirt, brand:Gucci,color: Red,size: S",2,649
22,"Dress, brand:Gucci,color: Green,size: M",4,650
35,"Shoes, brand:Gucci,color: Yellow,size: XL",1,651
8,"Jeans, brand:Zara,color: Yellow,size: L",1,652
65,"Dress, brand:Gucci,color: Red,size: L",4,653
34,"Shoes, brand:Zara,color: Blue,size: S",4,654
6,"T-shirt, brand:Zara,color: Black,size: S",1,655
67,"Jeans, brand:Nike,color: White,size: M",4,656
36,"Jeans, brand:Nike,color: Yellow,size: L",2,657
60,"Jeans, brand:Adidas,color: Green,size: L",3,658
97,"Shoes, brand:Zara,color: White,size: M",1,659
11,"Dress, brand:Adidas,color: Blue,size: S",2,660
30,"Jeans, brand:Gucci,color: Blue,size: XL",1,661
4,"Dress, brand:Nike,color: Black,size: S",3,662
17,"Sweater, brand:Zara,color: Black,size: L",1,663
33,"Shoes, brand:H&M,color: White,size: L",4,664
89,"T-shirt, brand:H&M,color: Red,size: S",3,665
37,"T-shirt, brand:H&M,color: Black,size: S",1,666
49,"Shoes, brand:Nike,color: Blue,size: XL",1,667
77,"Shoes, brand:Zara,color: White,size: S",1,668
100,"Shoes, brand:Adidas,color: White,size: L",2,669
48,"T-shirt, brand:Gucci,color: Yellow,size: M",4,670
8,"Dress, brand:Adidas,color: Blue,size: L",3,671
31,"Sweater, brand:Zara,color: Blue,size: M",2,672
79,"T-shirt, brand:Gucci,color: Yellow,size: M",3,673
2,"Shoes, brand:Adidas,color: Green,size: L",1,674
11,"Sweater, brand:Nike,color: Green,size: XL",1,675
25,"Shoes, brand:Nike,color: Black,size: L",2,676
74,"Shoes, brand:Gucci,color: Blue,size: L",4,677
11,"Dress, brand:H&M,color: Black,size: L",2,678
99,"Jeans, brand:Adidas,color: Yellow,size: L",1,679
5,"Dress, brand:Nike,color: Red,size: XL",4,680
59,"Shoes, brand:Zara,color: Black,size: L",3,681
13,"Jeans, brand:Adidas,color: Blue,size: XL",4,682
75,"Jeans, brand:Gucci,color: White,size: XL",2,683
31,"Dress, brand:Adidas,color: White,size: S",3,684
37,"Jeans, brand:Nike,color: White,size: M",1,685
9,"Jeans, brand:H&M,color: Green,size: M",2,686
35,"Sweater, brand:H&M,color: Blue,size: L",4,687
19,"Sweater, brand:H&M,color: White,size: XL",1,688
5,"Jeans, brand:H&M,color: Black,size: L",3,689
11,"Jeans, brand:H&M,color: White,size: L",2,690
38,"T-shirt, brand:Adidas,color: Blue,size: XL",3,691
91,"Dress, brand:Nike,color: Red,size: XL",4,692
44,"Shoes, brand:Nike,color: Green,size: L",2,693
98,"T-shirt, brand:Adidas,color: Red,size: L",2,694
45,"Dress, brand:Zara,color: Red,size: XL",4,695
81,"Sweater, brand:Adidas,color: Green,size: XL",4,696
61,"T-shirt, brand:Nike,color: Green,size: L",4,697
82,"Sweater, brand:Zara,color: White,size: XL",1,698
52,"T-shirt, brand:Adidas,color: Green,size: S",1,699
96,"Dress, brand:H&M,color: Yellow,size: S",4,700
34,"Jeans, brand:Nike,color: Blue,size: XL",2,701
46,"Shoes, brand:Gucci,color: Blue,size: L",4,702
27,"Shoes, brand:Gucci,color: Blue,size: S",3,703
6,"T-shirt, brand:Adidas,color: Green,size: M",4,704
32,"Dress, brand:Nike,color: Black,size: L",2,705
91,"Jeans, brand:Gucci,color: Green,size: S",1,706
100,"Dress, brand:Adidas,color: Green,size: M",4,707
17,"T-shirt, brand:Nike,color: Black,size: M",4,708
57,"T-shirt, brand:Adidas,color: White,size: XL",1,709
50,"Sweater, brand:Zara,color: Red,size: S",2,710
37,"Jeans, brand:Adidas,color: Red,size: M",3,711
76,"Shoes, brand:Gucci,color: Green,size: S",4,712
25,"Jeans, brand:Gucci,color: Blue,size: XL",4,713
91,"Shoes, brand:Zara,color: White,size: S",2,714
48,"Shoes, brand:Nike,color: Yellow,size: L",4,715
11,"Shoes, brand:Adidas,color: Red,size: S",3,716
8,"Sweater, brand:Nike,color: Yellow,size: M",4,717
73,"T-shirt, brand:Zara,color: White,size: L",1,718
59,"Dress, brand:H&M,color: Blue,size: M",1,719
97,"Shoes, brand:Adidas,color: Black,size: S",2,720
42,"Shoes, brand:Zara,color: Blue,size: M",2,721
78,"Dress, brand:Adidas,color: Blue,size: L",3,722
55,"T-shirt, brand:Nike,color: White,size: S",1,723
82,"Shoes, brand:Adidas,color: Yellow,size: S",3,724
87,"Jeans, brand:Gucci,color: Black,size: XL",3,725
40,"T-shirt, brand:Nike,color: Red,size: XL",3,726
72,"Jeans, brand:Adidas,color: White,size: S",4,727
95,"Dress, brand:Zara,color: Yellow,size: S",2,728
26,"Sweater, brand:Gucci,color: Yellow,size: XL",2,729
72,"Jeans, brand:Zara,color: Green,size: M",1,730
20,"Sweater, brand:Adidas,color: White,size: XL",4,731
48,"Shoes, brand:Zara,color: Blue,size: S",2,732
89,"Sweater, brand:Adidas,color: Black,size: M",4,733
89,"Dress, brand:Zara,color: Blue,size: XL",1,734
65,"Sweater, brand:H&M,color: Yellow,size: L",3,735
11,"T-shirt, brand:Adidas,color: White,size: L",2,736
20,"T-shirt, brand:Adidas,color: Blue,size: S",1,737
30,"Jeans, brand:H&M,color: Blue,size: L",1,738
24,"Sweater, brand:Gucci,color: Red,size: M",1,739
68,"Dress, brand:Nike,color: White,size: XL",3,740
49,"Shoes, brand:Nike,color: Blue,size: XL",3,741
54,"Dress, brand:H&M,color: Yellow,size: L",3,742
15,"Jeans, brand:H&M,color: Red,size: XL",1,743
21,"Shoes, brand:Zara,color: Black,size: XL",2,744
73,"Sweater, brand:Zara,color: Blue,size: L",3,745
13,"Shoes, brand:Gucci,color: Black,size: S",1,746
37,"Jeans, brand:Adidas,color: White,size: XL",1,747
87,"Sweater, brand:Zara,color: Red,size: S",3,748
31,"Shoes, brand:Gucci,color: Black,size: L",2,749
71,"Shoes, brand:Nike,color: Red,size: L",3,750
65,"Jeans, brand:Gucci,color: Blue,size: S",2,751
14,"Dress, brand:Gucci,color: Blue,size: L",1,752
17,"Jeans, brand:Zara,color: Yellow,size: S",4,753
63,"Jeans, brand:Gucci,color: Red,size: L",1,754
99,"T-shirt, brand:Zara,color: White,size: S",3,755
37,"Jeans, brand:Adidas,color: Black,size: XL",1,756
66,"Shoes, brand:Gucci,color: Black,size: L",4,757
32,"Jeans, brand:Nike,color: Green,size: M",4,758
39,"Shoes, brand:Gucci,color: Black,size: S",1,759
35,"Jeans, brand:Nike,color: Green,size: S",3,760
86,"Dress, brand:H&M,color: Black,size: L",3,761
8,"Jeans, brand:Nike,color: Blue,size: XL",3,762
71,"T-shirt, brand:Nike,color: Green,size: S",2,763
10,"Dress, brand:H&M,color: Black,size: M",2,764
25,"Sweater, brand:H&M,color: Blue,size: S",4,765
25,"Jeans, brand:Zara,color: Green,size: M",4,766
83,"Shoes, brand:H&M,color: Yellow,size: L",4,767
12,"Shoes, brand:H&M,color: White,size: M",4,768
71,"Sweater, brand:Zara,color: White,size: S",4,769
93,"T-shirt, brand:H&M,color: Yellow,size: S",4,770
71,"T-shirt, brand:Zara,color: Red,size: XL",1,771
34,"Shoes, brand:Gucci,color: Black,size: XL",4,772
70,"Shoes, brand:Nike,color: Black,size: XL",2,773
74,"Dress, brand:H&M,color: White,size: L",2,774
39,"Dress, brand:H&M,color: White,size: M",3,775
73,"Dress, brand:Nike,color: Red,size: M",2,776
40,"Jeans, brand:Adidas,color: Green,size: M",1,777
25,"Dress, brand:Nike,color: White,size: L",3,778
98,"Jeans, brand:Nike,color: Yellow,size: XL",3,779
46,"T-shirt, brand:Gucci,color: Blue,size: XL",1,780
83,"Sweater, brand:Nike,color: Green,size: L",4,781
23,"T-shirt, brand:Adidas,color: White,size: M",1,782
76,"Jeans, brand:H&M,color: Red,size: S",2,783
95,"Sweater, brand:Zara,color: White,size: M",3,784
77,"T-shirt, brand:H&M,color: Red,size: S",1,785
65,"T-shirt, brand:H&M,color: White,size: L",3,786
91,"Dress, brand:H&M,color: Blue,size: XL",3,787
34,"Jeans, brand:Adidas,color: Red,size: S",3,788
22,"Jeans, brand:Nike,color: Yellow,size: XL",2,789
31,"Shoes, brand:Adidas,color: Red,size: S",1,790
73,"Jeans, brand:Gucci,color: Green,size: L",3,791
88,"Sweater, brand:Adidas,color: Yellow,size: XL",4,792
28,"T-shirt, brand:Zara,color: Black,size: XL",1,793
9,"Jeans, brand:H&M,color: Black,size: M",4,794
2,"Jeans, brand:Gucci,color: Black,size: S",1,795
3,"Jeans, brand:H&M,color: Black,size: M",1,796
68,"Sweater, brand:H&M,color: Red,size: XL",1,797
28,"Jeans, brand:H&M,color: Blue,size: M",1,798
48,"Shoes, brand:Adidas,color: Yellow,size: XL",2,799
61,"T-shirt, brand:H&M,color: Red,size: S",4,800
33,"Jeans, brand:Zara,color: Black,size: XL",3,801
66,"Shoes, brand:Gucci,color: Green,size: XL",2,802
56,"Sweater, brand:Nike,color: Blue,size: XL",1,803
66,"T-shirt, brand:Zara,color: Black,size: M",2,804
53,"Dress, brand:H&M,color: Blue,size: XL",3,805
100,"Jeans, brand:Zara,color: Green,size: L",3,806
74,"Jeans, brand:Zara,color: Blue,size: S",2,807
20,"T-shirt, brand:Adidas,color: Yellow,size: L",4,808
5,"Jeans, brand:Adidas,color: White,size: XL",3,809
31,"Jeans, brand:Zara,color: Black,size: M",1,810
9,"Jeans, brand:Gucci,color: White,size: M",1,811
9,"Dress, brand:Nike,color: Blue,size: M",1,812
42,"Sweater, brand:Zara,color: Blue,size: M",3,813
62,"Sweater, brand:Zara,color: Yellow,size: XL",2,814
78,"Sweater, brand:Zara,color: Black,size: S",3,815
24,"Jeans, brand:Nike,color: Blue,size: XL",1,816
51,"T-shirt, brand:Adidas,color: Black,size: XL",1,817
42,"Dress, brand:Nike,color: Blue,size: L",4,818
45,"T-shirt, brand:Zara,color: White,size: XL",3,819
91,"T-shirt, brand:Nike,color: White,size: L",3,820
65,"Dress, brand:H&M,color: Blue,size: XL",3,821
75,"T-shirt, brand:Gucci,color: Green,size: XL",4,822
65,"T-shirt, brand:H&M,color: White,size: L",2,823
3,"Shoes, brand:Zara,color: White,size: L",1,824
32,"T-shirt, brand:Zara,color: White,size: M",1,825
35,"Shoes, brand:Adidas,color: Red,size: S",4,826
13,"Shoes, brand:Nike,color: Red,size: XL",1,827
94,"Sweater, brand:H&M,color: Green,size: S",4,828
18,"Dress, brand:Adidas,color: Black,size: XL",4,829
94,"Jeans, brand:Gucci,color: Green,size: S",3,830
19,"Jeans, brand:Gucci,color: Black,size: S",2,831
96,"Jeans, brand:Nike,color: Blue,size: L",2,832
70,"Sweater, brand:H&M,color: Yellow,size: L",1,833
99,"Shoes, brand:H&M,color: Yellow,size: S",3,834
15,"T-shirt, brand:Nike,color: Yellow,size: XL",2,835
93,"Jeans, brand:Gucci,color: White,size: L",4,836
59,"Shoes, brand:Nike,color: Black,size: M",2,837
33,"Jeans, brand:Zara,color: Blue,size: S",2,838
26,"Dress, brand:Nike,color: Blue,size: S",2,839
73,"Shoes, brand:Zara,color: Red,size: S",3,840
56,"Dress, brand:Zara,color: Blue,size: M",3,841
59,"Jeans, brand:Adidas,color: White,size: XL",3,842
52,"Shoes, brand:Nike,color: Red,size: M",2,843
1,"Sweater, brand:Zara,color: Blue,size: M",2,844
66,"Sweater, brand:Gucci,color: Green,size: M",2,845
82,"T-shirt, brand:Nike,color: Yellow,size: M",4,846
88,"T-shirt, brand:Gucci,color: Green,size: S",1,847
78,"Shoes, brand:Nike,color: White,size: L",3,848
14,"Dress, brand:Nike,color: Green,size: S",3,849
2,"T-shirt, brand:Nike,color: Yellow,size: L",1,850
24,"Jeans, brand:Nike,color: Yellow,size: XL",2,851
38,"Jeans, brand:H&M,color: Red,size: XL",3,852
5,"Dress, brand:H&M,color: Green,size: L",3,853
72,"T-shirt, brand:Adidas,color: Green,size: M",3,854
96,"Jeans, brand:H&M,color: Red,size: L",1,855
55,"Jeans, brand:Gucci,color: Green,size: XL",1,856
37,"Dress, brand:H&M,color: Blue,size: M",4,857
64,"T-shirt, brand:Zara,color: Yellow,size: M",4,858
48,"T-shirt, brand:Adidas,color: Red,size: L",1,859
75,"Dress, brand:Nike,color: Blue,size: S",4,860
60,"Shoes, brand:Gucci,color: White,size: XL",4,861
61,"Sweater, brand:Adidas,color: Blue,size: S",1,862
49,"Shoes, brand:Gucci,color: Red,size: S",1,863
22,"Sweater, brand:Nike,color: Yellow,size: L",3,864
54,"Jeans, brand:Gucci,color: Yellow,size: M",1,865
89,"Shoes, brand:H&M,color: White,size: S",4,866
3,"Jeans, brand:Nike,color: Black,size: S",4,867
84,"Sweater, brand:Gucci,color: Red,size: L",3,868
98,"Jeans, brand:Zara,color: Black,size: XL",1,869
100,"Jeans, brand:Nike,color: Yellow,size: S",2,870
56,"Shoes, brand:H&M,color: White,size: XL",2,871
94,"Jeans, brand:H&M,color: Black,size: M",4,872
16,"T-shirt, brand:Gucci,color: Red,size: L",3,873
54,"Dress, brand:Gucci,color: Yellow,size: XL",4,874
74,"Jeans, brand:Adidas,color: Black,size: L",3,875
26,"Dress, brand:Nike,color: Green,size: M",1,876
92,"Sweater, brand:Zara,color: Red,size: L",4,877
34,"Sweater, brand:Nike,color: Yellow,size: XL",4,878
1,"T-shirt, brand:Nike,color: Red,size: S",4,879
18,"Sweater, brand:Zara,color: White,size: L",1,880
25,"Shoes, brand:H&M,color: Red,size: XL",2,881
35,"Sweater, brand:Gucci,color: Yellow,size: XL",2,882
73,"Shoes, brand:Nike,color: Yellow,size: L",1,883
94,"Dress, brand:Zara,color: Green,size: L",2,884
90,"T-shirt, brand:Zara,color: White,size: XL",3,885
38,"Dress, brand:Gucci,color: Blue,size: M",3,886
79,"Sweater, brand:Adidas,color: Blue,size: XL",3,887
39,"Sweater, brand:Gucci,color: Blue,size: S",4,888
60,"Shoes, brand:Adidas,color: Yellow,size: XL",4,889
67,"T-shirt, brand:H&M,color: Black,size: M",1,890
32,"Dress, brand:H&M,color: White,size: XL",1,891
63,"T-shirt, brand:Adidas,color: Blue,size: M",3,892
98,"Shoes, brand:H&M,color: Red,size: S",2,893
22,"Shoes, brand:Adidas,color: Black,size: S",1,894
89,"Jeans, brand:Gucci,color: Yellow,size: L",2,895
41,"Jeans, brand:Gucci,color: Black,size: S",4,896
84,"Jeans, brand:H&M,color: White,size: S",3,897
98,"Dress, brand:Nike,color: Green,size: M",4,898
83,"Shoes, brand:Gucci,color: Red,size: XL",2,899
94,"T-shirt, brand:Nike,color: Blue,size: XL",1,900
44,"Jeans, brand:Zara,color: Red,size: XL",4,901
91,"Shoes, brand:Gucci,color: Black,size: XL",3,902
27,"Sweater, brand:Nike,color: Yellow,size: M",2,903
80,"Sweater, brand:Zara,color: Yellow,size: M",1,904
87,"Jeans, brand:Nike,color: Red,size: XL",1,905
5,"Shoes, brand:Nike,color: Yellow,size: M",2,906
38,"T-shirt, brand:Adidas,color: Yellow,size: L",1,907
32,"Shoes, brand:Zara,color: White,size: M",3,908
80,"Jeans, brand:Nike,color: Green,size: XL",3,909
45,"Sweater, brand:Adidas,color: Green,size: S",1,910
63,"Jeans, brand:Nike,color: White,size: S",2,911
40,"Dress, brand:Adidas,color: Blue,size: L",3,912
25,"Shoes, brand:Gucci,color: Black,size: S",3,913
11,"T-shirt, brand:H&M,color: Red,size: L",4,914
14,"Shoes, brand:Adidas,color: White,size: M",2,915
89,"Sweater, brand:Nike,color: Black,size: M",3,916
8,"Jeans, brand:Zara,color: Red,size: M",2,917
76,"Shoes, brand:H&M,color: Red,size: XL",3,918
83,"Shoes, brand:Adidas,color: Red,size: S",3,919
21,"T-shirt, brand:Gucci,color: Red,size: M",3,920
13,"Jeans, brand:Gucci,color: Green,size: S",2,921
81,"Jeans, brand:Gucci,color: Green,size: L",4,922
13,"Sweater, brand:Zara,color: White,size: L",2,923
92,"Sweater, brand:Nike,color: Black,size: M",3,924
40,"Sweater, brand:H&M,color: Blue,size: S",3,925
37,"Dress, brand:Zara,color: Blue,size: L",2,926
29,"T-shirt, brand:Adidas,color: White,size: XL",4,927
37,"Sweater, brand:Adidas,color: Black,size: L",4,928
64,"Shoes, brand:Gucci,color: Blue,size: S",3,929
49,"T-shirt, brand:Adidas,color: White,size: M",3,930
19,"Dress, brand:Zara,color: Blue,size: XL",3,931
64,"Jeans, brand:H&M,color: Yellow,size: L",2,932
16,"Sweater, brand:Adidas,color: Blue,size: L",3,933
98,"T-shirt, brand:Nike,color: Green,size: XL",2,934
77,"Sweater, brand:Adidas,color: Black,size: S",1,935
72,"Sweater, brand:Gucci,color: White,size: M",1,936
80,"T-shirt, brand:Gucci,color: Red,size: S",1,937
30,"T-shirt, brand:Gucci,color: Blue,size: S",3,938
81,"Jeans, brand:H&M,color: White,size: M",4,939
63,"T-shirt, brand:Gucci,color: White,size: XL",3,940
24,"Jeans, brand:Zara,color: White,size: XL",1,941
60,"Shoes, brand:Adidas,color: Green,size: L",1,942
37,"Jeans, brand:Gucci,color: Blue,size: L",4,943
65,"Sweater, brand:H&M,color: Black,size: S",3,944
72,"Jeans, brand:Gucci,color: Red,size: L",2,945
78,"Sweater, brand:H&M,color: Red,size: S",1,946
1,"T-shirt, brand:Zara,color: White,size: S",3,947
37,"Sweater, brand:Gucci,color: Yellow,size: XL",3,948
4,"T-shirt, brand:Zara,color: Green,size: M",4,949
4,"T-shirt, brand:Zara,color: Green,size: L",1,950
61,"Sweater, brand:Nike,color: Black,size: L",2,951
17,"Dress, brand:Zara,color: Black,size: L",2,952
88,"Jeans, brand:Nike,color: Blue,size: L",1,953
61,"T-shirt, brand:Gucci,color: Green,size: L",2,954
81,"Jeans, brand:Nike,color: White,size: XL",1,955
39,"Sweater, brand:H&M,color: Black,size: M",3,956
2,"Jeans, brand:Nike,color: White,size: L",4,957
46,"Shoes, brand:Adidas,color: Green,size: M",2,958
100,"Sweater, brand:H&M,color: Yellow,size: XL",2,959
94,"Jeans, brand:Gucci,color: Red,size: M",4,960
62,"Jeans, brand:Nike,color: White,size: L",1,961
4,"Shoes, brand:Adidas,color: Green,size: L",2,962
85,"Shoes, brand:H&M,color: Black,size: XL",4,963
1,"Dress, brand:Nike,color: White,size: S",4,964
21,"Sweater, brand:Nike,color: Yellow,size: S",3,965
6,"Jeans, brand:Gucci,color: Black,size: S",4,966
92,"Shoes, brand:Gucci,color: Blue,size: M",4,967
84,"Sweater, brand:Gucci,color: Black,size: S",1,968
12,"T-shirt, brand:Gucci,color: Red,size: L",2,969
78,"Sweater, brand:H&M,color: White,size: L",4,970
82,"Shoes, brand:H&M,color: Green,size: XL",3,971
84,"Jeans, brand:Gucci,color: White,size: XL",4,972
4,"Jeans, brand:H&M,color: Red,size: L",3,973
56,"Shoes, brand:Gucci,color: Black,size: XL",3,974
46,"Dress, brand:Zara,color: Black,size: L",3,975
82,"Dress, brand:Nike,color: White,size: M",1,976
4,"T-shirt, brand:Nike,color: Red,size: XL",4,977
23,"T-shirt, brand:Zara,color: Black,size: M",4,978
77,"T-shirt, brand:Nike,color: Blue,size: S",1,979
28,"T-shirt, brand:H&M,color: Blue,size: XL",4,980
35,"Shoes, brand:Nike,color: White,size: XL",3,981
50,"Jeans, brand:Nike,color: Green,size: S",4,982
94,"Dress, brand:Zara,color: Red,size: XL",4,983
70,"Dress, brand:Gucci,color: Green,size: XL",2,984
57,"T-shirt, brand:H&M,color: Green,size: S",2,985
1,"Shoes, brand:Gucci,color: Blue,size: M",4,986
77,"Shoes, brand:H&M,color: Red,size: M",3,987
80,"T-shirt, brand:H&M,color: Blue,size: XL",2,988
67,"T-shirt, brand:Adidas,color: Black,size: S",4,989
51,"T-shirt, brand:Gucci,color: Yellow,size: S",3,990
60,"Shoes, brand:Nike,color: Red,size: L",4,991
42,"T-shirt, brand:Gucci,color: Black,size: M",4,992
89,"Shoes, brand:H&M,color: Yellow,size: S",4,993
59,"Sweater, brand:H&M,color: Green,size: L",4,994
34,"Sweater, brand:Adidas,color: Red,size: S",4,995
20,"Shoes, brand:Zara,color: Black,size: M",1,996
42,"Sweater, brand:Nike,color: Green,size: L",1,997
9,"Sweater, brand:Zara,color: White,size: L",3,998
8,"T-shirt, brand:Zara,color: Blue,size: S",3,999
91,"Shoes, brand:Adidas,color: White,size: L",3,1000
